{"precision":{"malignant":0.974137931,"benign":0.8888888889,"accuracy":0.9414893617,"macro avg":0.93151341,"weighted avg":0.9437566235},"recall":{"malignant":0.9338842975,"benign":0.9552238806,"accuracy":0.9414893617,"macro avg":0.9445540891,"weighted avg":0.9414893617},"f1-score":{"malignant":0.9535864979,"benign":0.9208633094,"accuracy":0.9414893617,"macro avg":0.9372249036,"weighted avg":0.9419245105},"support":{"malignant":121.0,"benign":67.0,"accuracy":0.9414893617,"macro avg":188.0,"weighted avg":188.0}}