{"precision":{"malignant":0.9268292683,"benign":0.8923076923,"accuracy":0.914893617,"macro avg":0.9095684803,"weighted avg":0.9145263662},"recall":{"malignant":0.9421487603,"benign":0.8656716418,"accuracy":0.914893617,"macro avg":0.9039102011,"weighted avg":0.914893617},"f1-score":{"malignant":0.9344262295,"benign":0.8787878788,"accuracy":0.914893617,"macro avg":0.9066070541,"weighted avg":0.9145976683},"support":{"malignant":121.0,"benign":67.0,"accuracy":0.914893617,"macro avg":188.0,"weighted avg":188.0}}