{"precision":{"malignant":0.9915966387,"benign":0.9565217391,"accuracy":0.9787234043,"macro avg":0.9740591889,"weighted avg":0.9790965415},"recall":{"malignant":0.9752066116,"benign":0.9850746269,"accuracy":0.9787234043,"macro avg":0.9801406192,"weighted avg":0.9787234043},"f1-score":{"malignant":0.9833333333,"benign":0.9705882353,"accuracy":0.9787234043,"macro avg":0.9769607843,"weighted avg":0.9787911973},"support":{"malignant":121.0,"benign":67.0,"accuracy":0.9787234043,"macro avg":188.0,"weighted avg":188.0}}