{"precision":{"malignant":0.9745762712,"benign":0.9142857143,"accuracy":0.9521276596,"macro avg":0.9444309927,"weighted avg":0.9530897429},"recall":{"malignant":0.9504132231,"benign":0.9552238806,"accuracy":0.9521276596,"macro avg":0.9528185519,"weighted avg":0.9521276596},"f1-score":{"malignant":0.9623430962,"benign":0.9343065693,"accuracy":0.9521276596,"macro avg":0.9483248328,"weighted avg":0.9523513553},"support":{"malignant":121.0,"benign":67.0,"accuracy":0.9521276596,"macro avg":188.0,"weighted avg":188.0}}